받는분,기본주소,상세주소,우편번호
행복주유소 대표,강원 철원군 서면 와수1로 40,행복주유소,
대경주유소 대표,강원 원주시 원문로 246 (단계동),대경주유소,
강릉햇살주유소 대표,강원 강릉시 입암로 12 (입암동),강릉햇살주유소,
학사평주유소 대표,강원 속초시 원암학사평길 50 (노학동),학사평주유소,
강토탈 구도일주유소 뉴설악 대표,강원 속초시 설악산로 35 (도문동),강토탈 구도일주유소 뉴설악,
아천동주유소 대표,경기 구리시 아차산로 55,아천동주유소,
풍산에너지(주) 대표,경기 김포시 풍무로 164,풍산에너지(주),
양운개발 구도일주유소 에듀시티 대표,경기도 오산시 수목원로 371,양운개발 구도일주유소 에듀시티,
㈜정도인더스트리 대표,경기 안산시 단원구 정왕대로 424,㈜정도인더스트리,
서울석유(주) 호평첨단주유소 대표,경기 남양주시 늘을1로 161,서울석유(주) 호평첨단주유소,
(주)나눔에너지 대표,경기 수원시 영통구 영통로 171,(주)나눔에너지,
서울석유㈜ 진위산단주유소 대표,경기 평택시 진위면 삼남로 712,서울석유㈜ 진위산단주유소,
교문주유소 대표,경기 구리시 아차산로 436 (교문동),교문주유소,
옥종농협주유소 북천지점 대표,경남 하동군 북천면 가리골길 4,옥종농협주유소 북천지점,
옥종농협주유소 대표,경남 하동군 옥종면 주포중앙길 28,옥종농협주유소,
새천년주유소 대표,경남 창원시 마산합포구 진동면 남해안대로5422,새천년주유소,
태진주유소 대표,경남 창원시 마산합포구 진전면 남해안대로4434,태진주유소,
북마산주유소 대표,경남 창원시 마산회원구 무학로 617,북마산주유소,
해뜨는주유소 대표,경북 포항시 북구 용흥로 288 (용흥동),해뜨는주유소,
비산이룸주유소 대표,경북 구미시 낙동강변로 735 (비산동),비산이룸주유소,
광평세종주유소 대표,경상북도 구미시 박정희로 359 (광평동),광평세종주유소,
행운주유소 대표,경북 김천시 영남대로 1500 (부곡동),행운주유소,
김가네주유소 대표,경상북도 구미시 인동가산로 453,김가네주유소,
두암주유소 대표,광주 북구 군왕로 103 (두암동),두암주유소,
자모셀프주유소 대표,광주 북구 우치로 7,자모셀프주유소,
전송주유소 대표,광주 광산구 어등대로 583,전송주유소,
(주)평동제일주유소 대표,광주 광산구 동곡로 552 (장록동),(주)평동제일주유소,
㈜더착한주유소 대표,광주 광산구 동곡로 72 (본덕동),㈜더착한주유소,
평리동양주유소 대표,대구 서구 북비산로 241 (평리동),평리동양주유소,
버디클럽오일뱅크 대표,대구 수성구 무학로 12 (상동),버디클럽오일뱅크,
한일주유소 대표,대구 수성구 청수로 162 (지산동),한일주유소,
옥포고속주유소 대표,대구 달성군 비슬로 2190,옥포고속주유소,
수성현대셀프주유소 대표,대구 수성구 동대구로 74 (지산동),수성현대셀프주유소,
(주)황제주유소 대표,대전 유성구 대덕대로 934 (화암동),(주)황제주유소,
오정동SM셀프주유소 대표,대전 대덕구 오정로 123 (오정동),오정동SM셀프주유소,
㈜대성바이오 대표,대전 대덕구 한밭대로 1180,㈜대성바이오,
중도석유(주) 대덕주유소 대표,대전 서구 월평북로 84 (월평동),중도석유(주) 대덕주유소,
(주)하나주유소 대표,대전 유성구 유성대로 1127 (하기동),(주)하나주유소,
광신석유(주)직영 가야대로주유소 대표,부산 사상구 가야대로 395,광신석유(주)직영 가야대로주유소,
제일주유소 대표,부산 강서구 가락대로 1417,제일주유소,
금룡주유소 대표,부산 강서구 가락대로 1361 (봉림동),금룡주유소,
상계동주유소 대표,서울 노원구 노원로26길 191 (상계동),상계동주유소,
(주)아이에스피에너지(서울서부고속주유소) 대표,서울 은평구 응암로 163,(주)아이에스피에너지(서울서부고속주유소),
(주)한미석유구로그린주유소 대표,서울 구로구 구로중앙로 76 (구로동),(주)한미석유구로그린주유소,
서일석유(주)락성주유소 대표,서울 관악구 남부순환로 1920 (봉천동),서일석유(주)락성주유소,
(주)타이거오일 방화주유소 대표,서울 강서구 방화동로 58-2,(주)타이거오일 방화주유소,
한이에너지(주) 쌍문주유소 대표,서울 도봉구 도봉로 547 (쌍문동),한이에너지(주) 쌍문주유소,
마포시엠주유소 대표,서울 마포구 월드컵북로 62,마포시엠주유소,
개화주유소 대표,서울 강서구 양천로 57,개화주유소,
구도일주유소 파크빌 대표,서울 도봉구 해등로3길 86 (창동),구도일주유소 파크빌,
우리주유소 대표,서울 성북구 화랑로 292,우리주유소,
(주)강서오일 대표,서울 영등포구 도신로 151,(주)강서오일,
㈜진성 가람Self주유소 대표,세종특별자치시 금송로 589,㈜진성 가람Self주유소,
새롬주유소 대표,세종시 어울로 77 (새롬동),새롬주유소,
세종반곡주유소 대표,세종특별자치시 국책연구원3로 9,세종반곡주유소,
아주알뜰주유소 ㈜아주 대표,세종특별자치시 다정북로 40,아주알뜰주유소 ㈜아주,
도담알뜰주유소 대표,세종 갈매로 596,도담알뜰주유소,
구도일주유소 워싱데이 대표,울산 울주군 범서읍 구영로 240,구도일주유소 워싱데이,
남주유소 대표,울산 울주군 삼남면 중남로 100,남주유소,
통도IC주유소 대표,울산 울주군 삼남면 반구대로 38,통도IC주유소,
방기주유소 대표,울산 울주군 삼남면 하방로 26,방기주유소,
성산주유소 대표,울산 울주군 범서읍 관문로 600,성산주유소,
㈜이림 삼남지점 대표,울산 울주군 삼남면 반구대로 640,㈜이림 삼남지점,
인천주유소 대표,인천 미추홀구 인주대로 286 (주안동),인천주유소,
가좌금강주유소 대표,인천 서구 장고개로 233 (가좌동),가좌금강주유소,
(주)서해에너지 대표,인천 연수구 경원대로 536,(주)서해에너지,
청라에너지 대표,인천 서구 봉수대로 690 (연희동),청라에너지,
SK행복충전 ㈜영우 동광양주유소 대표,전남 광양시 강변로 98 (광영동),SK행복충전 ㈜영우 동광양주유소,
(유) 삼일인 대표,전남 여수시 여수산단로 547 (중흥동),(유) 삼일인,
(주)장성보해주유소 대표,전남 장성군 장성읍 단풍로 111,(주)장성보해주유소,
남선석유㈜ 서순천셀프주유소 대표,전남 순천시 중앙로 511,남선석유㈜ 서순천셀프주유소,
거금도농협주유소 대표,전남 고흥군 금산면 거금중앙길 117,거금도농협주유소,
서원주유소 대표,전북 군산시 옥녀로 18,서원주유소,
에스제이오일㈜ 에스제이주유소 대표,전북 군산시 해망로 252,에스제이오일㈜ 에스제이주유소,
유쾌한주유소 대표,전북 군산시 구암로 97 (구암동),유쾌한주유소,
미소주유소 대표,전북 군산시 대학로 618,미소주유소,
SJ오일(주) 스마일주유소 대표,전북 군산시 공단대로 284 (수송동),SJ오일(주) 스마일주유소,
주천삼거리 주유소 대표,전북 정읍시 소성로 639,주천삼거리 주유소,
지에스칼텍스㈜ 연세주유소 대표,전북 익산시 부송로 33,지에스칼텍스㈜ 연세주유소,
구좌농협주유소 대표,제주특별자치도 제주시 구좌읍 일주동로3190,구좌농협주유소,
고산주유소 대표,제주 제주시 한경면 고산로 5,고산주유소,
대정농협무릉주유소 대표,제주 서귀포시 대정읍 서삼중로 66,대정농협무릉주유소,
대정농협주유소 대표,제주 서귀포시 대정읍 상모대서로 55,대정농협주유소,
모슬포행운주유소 대표,제주 서귀포시 대정읍 일주서로 2419,모슬포행운주유소,
산방주유소 대표,제주특별자치도 서귀포시 대정읍 신영로34,산방주유소,
중앙주유소 대표,제주 제주시 구좌읍 구좌로 74,중앙주유소,
용정self주유소 대표,충남 부여군 부여읍 백제문화로 136,용정self주유소,
서천안 ㈜오일컴퍼니 대표,충남 천안시 동남구 풍세로 689,서천안 ㈜오일컴퍼니,
천지주유소 대표,충남 공주시 정안면 차령로 3270,천지주유소,
대원주유소 대표,충남 천안시 동남구 충절로 261,대원주유소,
중도석유(주)중도행복주유소 대표,충남 아산시 배방읍 고속철대로 171,중도석유(주)중도행복주유소,
하이테크에너지(주)단양하이테크주유소 대표,충북 단양군 매포읍 단양로 2727,하이테크에너지(주)단양하이테크주유소,
단양사랑주유소 대표,충북 단양군 매포읍 단양로 2478,단양사랑주유소,
동찬주유소 대표,충북 청주시 흥덕구 오송읍 서평길 22-1,동찬주유소,
신동주유소 대표,충북 제천시 내토로 134,신동주유소,
대현주유소 대표,강원 화천군 화천읍 평화로 117,대현주유소,
광탄셀프주유소 대표,경기 파주시 광탄면 혜음로 1178,광탄셀프주유소,
구도일 새한주유소 대표,경기 수원시 장안구 서부로 2348,구도일 새한주유소,
코리아주유소 대표,경기 여주시 대신면 여양로 2012,코리아주유소,
㈜두한 동안성주유소 대표,경기 안성시 삼죽면 서동대로 6034,㈜두한 동안성주유소,
대신석유(주)당리주유소 대표,경기 군포시 용호1로1번길 16 (당동),대신석유(주)당리주유소,
금강주유소 대표,경기 양주시 부흥로 1643,금강주유소,
구장주유소 대표,경기 화성시 만세구 팔탄면 푸른들판로639,구장주유소,
HD현대오일뱅크㈜직영 통영주유소 대표,경남 통영시 안개로 22 (무전동),HD현대오일뱅크㈜직영 통영주유소,
해금강주유소 대표,경남 거제시 동부면 거제중앙로 659,해금강주유소,
대양주유소 대표,경남 진주시 망경로 272 (망경동),대양주유소,
동산주유소 대표,경남 합천군 초계면 동부로 1045,동산주유소,
(주)미광에너지 대표,경북 포항시 남구 오천읍 냉천로 544,(주)미광에너지,
부래주유소 대표,경북 봉화군 석포면 청옥로 1762,부래주유소,
용산주유소 대표,경북 포항시 남구 오천읍 정몽주로 189,용산주유소,
송촌주유소 대표,광주 광산구 동곡로 656,송촌주유소,
진영주유소 대표,광주 광산구 송도로 292 (송정동),진영주유소,
하남현대주유소(H) 대표,광주 광산구 임곡로 573 (안청동),하남현대주유소(H),
동부주유소 대표,대구광역시 군위군 군위읍 군청로 15,동부주유소,
이화주유소 대표,대구광역시 군위군 우보면 동부로 1616,이화주유소,
SK에너지㈜ 유공셀프주유소 대표,대전 유성구 유성대로 614 (구암동),SK에너지㈜ 유공셀프주유소,
대광주유소 대표,대전 유성구 금남구즉로 1355 (봉산동),대광주유소,
남부산고속주유소 대표,부산 부산진구 거제대로 84 (양정동),남부산고속주유소,
대양산업(주)대양가덕주유소 대표,부산 강서구 거가대로 2571,대양산업(주)대양가덕주유소,
HD현대오일뱅크㈜직영 감전주유소 대표,부산 사상구 낙동대로 978 (감전동),HD현대오일뱅크㈜직영 감전주유소,
고려주유소 대표,부산 중구 대청로 153 (중앙동5가),고려주유소,
박물관주유소 대표,서울 강서구 양천로53길 97 (가양동),박물관주유소,
SK서광주유소 대표,서울 강남구 역삼로 142,SK서광주유소,
한영주유소 (한화) 대표,서울 동대문구 망우로 38 (휘경동),한영주유소 (한화),
양재주유소 대표,서울 서초구 바우뫼로 178,양재주유소,
동일주유소 대표,서울 성동구 광나루로 254 (성수동2가),동일주유소,
대원셀프주유소 대표,서울 구로구 개봉로 7,대원셀프주유소,
대신석유(주)대우주유소 대표,서울 서초구 양재대로 173 (양재동),대신석유(주)대우주유소,
(주)소모 수락산셀프주유소 대표,서울 노원구 동일로 1772,(주)소모 수락산셀프주유소,
방죽주유소 대표,서울 강남구 밤고개로 215 (율현동),방죽주유소,
(주)한유에너지 중부주유소 대표,세종시 조치원읍 세종로 2167,(주)한유에너지 중부주유소,
차사랑주유소 대표,세종 부강면 부강외천로 271,차사랑주유소,
연기주유소 대표,세종특별자치시 연기면 당산로 116,연기주유소,
세종부강농협주유소 대표,세종특별자치시 부강면 부강외천로 10,세종부강농협주유소,
양정주유소 대표,울산 북구 염포로 499 (양정동),양정주유소,
동남주유소 대표,울산 울주군 온양읍 광청로 305,동남주유소,
능산주유소 대표,울산 울주군 상북면 상북로 90,능산주유소,
울산주유소 대표,울산 중구 구교로 83 (학성동),울산주유소,
자월주유소 대표,인천 옹진군 자월면 자월동로 38,자월주유소,
선재주유소 대표,인천 옹진군 영흥면 선재로 123,선재주유소,
장수셀프(self)주유소 대표,인천 부평구 백범로 502,장수셀프(self)주유소,
HD현대오일뱅크㈜직영 인천대교주유소 대표,인천 연수구 아암대로 815 (동춘동),HD현대오일뱅크㈜직영 인천대교주유소,
수정주유소 대표,전남 진도군 진도읍 진도대로 7290,수정주유소,
석곡농협죽곡지점주유소 대표,전남 곡성군 죽곡면 대황강로 796,석곡농협죽곡지점주유소,
회천주유소 대표,전남 보성군 회천면 남부관광로 2333,회천주유소,
무등주유소 대표,전남 담양군 가사문학면 장단길 12-2,무등주유소,
덕천주유소 대표,전남 진도군 고군면 진도대로 385,덕천주유소,
여산주유소 대표,전북 익산시 여산면 호남로 1428-10,여산주유소,
여산천호주유소 대표,전북 익산시 여산면 가람로 174,여산천호주유소,
신태인주유소 대표,전북 정읍시 신태인읍 말목장터로 990,신태인주유소,
한결주유소 대표,전북 정읍시 고부면 영주로 316,한결주유소,
구좌농협우도지점주유소 대표,제주 제주시 우도면 우도로 147,구좌농협우도지점주유소,
서귀주유소 대표,제주특별자치도 서귀포시 중정로 122,서귀주유소,
대포주유소 대표,제주 서귀포시 일주서로 559 (대포동),대포주유소,
성산일출봉농협주유소 대표,제주 서귀포시 성산읍 일주동로 4521,성산일출봉농협주유소,
토평주유소 대표,제주 서귀포시 중산간동로 7801,토평주유소,
명진주유소 대표,충남 보령시 미산면 만수로 1124,명진주유소,
(주)성진티엘에스주유소 대표,충북 진천군 덕산면 진성로 554,(주)성진티엘에스주유소,
단양IC주유소 대표,충북 단양군 단성면 단양로 347,단양IC주유소,
㈜신화에너지 오해피주유소 대표,충북 청주시 서원구 구룡산로 217,㈜신화에너지 오해피주유소,
옥녀봉주유소 대표,충북 청주시 청원구 북이면 충청대로 1376,옥녀봉주유소,
철원농협주유소 대표,강원 철원군 철원읍 금학로290번길 43,철원농협주유소,
다운주유소 대표,강원 홍천군 홍천읍 영서로 1802,다운주유소,
그림바위주유소 대표,강원 정선군 화암면 소금강로 1014,그림바위주유소,
4289주유소 대표,강원 원주시 문막읍 왕건로 161,4289주유소,
CJ대한통운㈜ 강릉주유소 대표,강원 강릉시 동해대로 3292,CJ대한통운㈜ 강릉주유소,
유림주유소 대표,경기 파주시 광탄면 보광로 940,유림주유소,
뛰뛰빵빵주유소 대표,경기 이천시 호법면 이섭대천로 866,뛰뛰빵빵주유소,
가남주유소 대표,경기 여주시 가남읍 여주남로 627,가남주유소,
삼죽농협주유소 대표,경기 안성시 삼죽면 삼백로 9,삼죽농협주유소,
철산주유소 대표,경기 광명시 오리로 883,철산주유소,
이천고속주유소 대표,경기 이천시 경충대로 2940 (사음동),이천고속주유소,
미양농협주유소 대표,경기 안성시 미양면 미양로 62,미양농협주유소,
㈜현대 대표,경남 밀양시 무안면 사명로 272,㈜현대,
개봉주유소 대표,경남 함양군 지곡면 함양로 1808,개봉주유소,
오일필드㈜김해부원지점 대표,경남 김해시 호계로 272,오일필드㈜김해부원지점,
새남해농업협동조합서면주유소 대표,경남 남해군 서면 스포츠로 679,새남해농업협동조합서면주유소,
텍사스주유소 대표,경남 고성군 상리면 상정대로 1313,텍사스주유소,
대림주유소 대표,경북 영천시 장수로 1396 (화산면),대림주유소,
아리랑관광주유소 대표,경북 구미시 고아읍 선산대로 948,아리랑관광주유소,
다인농협주유소 대표,경북 의성군 다인면 서부로 2809,다인농협주유소,
황제주유소 대표,경북 경산시 진량읍 황제1길 100,황제주유소,
산월Self주유소 대표,광주 광산구 북문대로 579,산월Self주유소,
오일필드(주)광주지점 대표,광주 광산구 사암로 127 (우산동),오일필드(주)광주지점,
(유)매월주유소 대표,광주 서구 회재로 845,(유)매월주유소,
골든타임주유소 대표,광주 서구 상무대로1206번길 3,골든타임주유소,
흑석주유소 대표,광주 광산구 사암로 415 (흑석동),흑석주유소,
팔달41주유소 대표,대구 북구 팔달로 41 (노원동3가),팔달41주유소,
행복주유소 대표,대구광역시 군위군 군위읍 경북대로 3091,행복주유소,
아리랑주유소 대표,대구 달서구 달서대로 696 (신당동),아리랑주유소,
대원주유소 대표,대구 동구 효동로 66 (효목동),대원주유소,
서대전농협주유소 대표,대전 중구 계백로 1555 (유천동),서대전농협주유소,
하나로주유소 대표,대전 중구 대둔산로 211 (안영동),하나로주유소,
대양석유㈜ 엑스포주유소 대표,대전 유성구 대덕대로 542,대양석유㈜ 엑스포주유소,
극동유화(주) 한밭주유소 대표,대전 서구 문정로 3 (둔산2동),극동유화(주) 한밭주유소,
코끼리셀프주유소 대표,대전 서구 도산로 446 (용문동),코끼리셀프주유소,
장림주유소 대표,부산 사하구 장림로 287 (장림동),장림주유소,
선암주유소 대표,부산 기장군 장안읍 기장대로 1453,선암주유소,
㈜첼시주유소 대표,부산 기장군 장안읍 정관로 1148,㈜첼시주유소,
(주)천일에너지 천일주유소 대표,부산 기장군 신정관로 183,(주)천일에너지 천일주유소,
동방석유(주)초량주유소 대표,부산 동구 중앙대로 302 (초량동),동방석유(주)초량주유소,
중앙에너비스 종암지점 대표,서울 성북구 종암로 58,중앙에너비스 종암지점,
서정주유소 대표,서울 은평구 통일로 968 (진관동),서정주유소,
이케이에너지㈜ 강산주유소 대표,서울 성북구 보문로 27 (보문동7가),이케이에너지㈜ 강산주유소,
이케이에너지(주) 강산제2주유소 대표,서울 성북구 보국문로 52,이케이에너지(주) 강산제2주유소,
(주)타이거통상 월드컵주유소 대표,서울 마포구 월드컵북로 170 (성산동),(주)타이거통상 월드컵주유소,
오션네트웍스(주) 서울식물원지점 대표,서울 강서구 양천로 300,오션네트웍스(주) 서울식물원지점,
선유도주유소 대표,서울 영등포구 양평로 141 (양평동5가),선유도주유소,
행복주유소 대표,세종시 부강면 시목부강로 423,행복주유소,
그린주유소 대표,세종 조치원읍 세종로 2706,그린주유소,
세종강남농협주유소 대표,세종특별자치시 금남면 성덕영곡길 15,세종강남농협주유소,
신원self주유소 대표,세종특별자치시 조치원읍 세종로 2562,신원self주유소,
흥진셀프주유소 대표,세종시 조치원읍 세종로 2563,흥진셀프주유소,
케이티엑스(주) 태화루주유소 대표,울산 중구 태화로 161,케이티엑스(주) 태화루주유소,
(주)화주유소 대표,울산 중구 태화로 248,(주)화주유소,
세명셀프주유소 대표,울산광역시 울주군 온산읍 온산로 298,세명셀프주유소,
덕하에너지 주식회사 대표,울산 울주군 청량면 온산로 704,덕하에너지 주식회사,
㈜자연에너지 계양주유소 대표,인천 계양구 아나지로 344 (작전동),㈜자연에너지 계양주유소,
㈜북두칠성주유소 대표,인천 서구 백범로 630번길 44,㈜북두칠성주유소,
비전주유소 대표,인천 미추홀구 석정로 429,비전주유소,
(주)거보주유소 대표,인천 계양구 아나지로 130 (효성동),(주)거보주유소,
강화남부농협주유소 대표,인천 강화군 길상면 길상로 302,강화남부농협주유소,
용두농협주유소 대표,전남 장흥군 장동면 곰치로 9,용두농협주유소,
신대림주유소 대표,전남 무안군 현경면 현해로 639,신대림주유소,
(주)태광에너지 신도시주유소 대표,전남 순천시 우석로 17 (도사동),(주)태광에너지 신도시주유소,
광활농협주유소 대표,전북 김제시 광활면 광활로 470,광활농협주유소,
진봉농업협동조합주유소 대표,전북 김제시 지평선로 1787,진봉농업협동조합주유소,
쌍용주유소 대표,전북 남원시 아영면 인월장터로 241,쌍용주유소,
해맞이주유소 대표,제주특별자치도 서귀포시 성산읍 일주동로4501,해맞이주유소,
신암주유소 대표,충남 예산군 신암면 추사로 203,신암주유소,
천안농협원성동 클린셀프주유소 대표,충남 천안시 동남구 중앙로 13 (원성동),천안농협원성동 클린셀프주유소,
천안농협주유소 대표,충청남도 천안시 동남구 풍세면 광풍로1540,천안농협주유소,
천안농협경제사업장북부점 대표,충남 천안시 서북구 번영로 730,천안농협경제사업장북부점,
DH천안주유소 대표,충남 천안시 서북구 천안대로 1166,DH천안주유소,
충북석유(주) 모란주유소 대표,충북 음성군 삼성면 덕정로30번길 22,충북석유(주) 모란주유소,
부흥주유소 대표,충북 괴산군 청안면 질마로 1465,부흥주유소,
미래주유소 대표,충북 진천군 문백면 원덕로 115,미래주유소,
오창IC만남주유소(SELF) 대표,충북 청주시 청원구 오창읍 오창대로 410,오창IC만남주유소(SELF),
횡성농협 클린주유소 대표,강원 횡성군 횡성읍 한우로 323,횡성농협 클린주유소,
횡성농협유현주유소 대표,강원 횡성군 서원면 경강로 800,횡성농협유현주유소,
북삼주유소 대표,강원 동해시 효자로 636,북삼주유소,
(주)백두가스산업 대표,강원 강릉시 연곡면 동해대로 4357,(주)백두가스산업,
새춘천주유소 대표,강원 춘천시 동내면 세실로 38,새춘천주유소,
(주)갤럭시EnS 대표,강원 춘천시 동내면 세실로 20,(주)갤럭시EnS,
덕양주유소 대표,경기 고양시 덕양구 충장로 142,덕양주유소,
(주)어울림주유소 대표,경기 고양시 덕양구 충장로 407,(주)어울림주유소,
광신직영(랜드마크셀프) 대표,경기 이천시 모가면 사실로 878,광신직영(랜드마크셀프),
마도알뜰주유소 대표,경기 화성시 만세구 마도면 두곡서길 58,마도알뜰주유소,
대야동주유소 대표,경기 시흥시 복지로 68,대야동주유소,
(주)경기에너지 뉴타운주유소 대표,경기 안성시 안성맞춤대로 862,(주)경기에너지 뉴타운주유소,
진남제2주유소 대표,경남 하동군 경충로 1089,진남제2주유소,
에이디에너지(주) 대표,경남 김해시 김해대로 2651 (안동),에이디에너지(주),
석풍주유소 대표,경남 산청군 신안면 산청대로 1169,석풍주유소,
하늘주유소 대표,경남 창원시 마산회원구 북성로 373,하늘주유소,
대림주유소 대표,경남 창원시 의창구 팔용로 501,대림주유소,
㈜제이엠 제7주유소지점 대표,경북 칠곡군 왜관읍 강변대로 852,㈜제이엠 제7주유소지점,
만남의주유소 대표,경북 칠곡군 가산면 경북대로 1883,만남의주유소,
삼일주유소 대표,경북 경주시 천북면 산업로 4866,삼일주유소,
청하Self주유소 대표,경북 포항시 북구 청하면 동해대로 2405,청하Self주유소,
(주)미니에너지 대표,경북 경산시 압량면 대학로 754,(주)미니에너지,
(유)착한주유소 대표,광주 북구 동문대로 452 (장등동),(유)착한주유소,
(주)반디석유 시청점 대표,광주 서구 천변좌하로 160 (치평동),(주)반디석유 시청점,
(주)대원 강변주유소 대표,광주 서구 천변좌하로 142 (치평동),(주)대원 강변주유소,
미니주유소 대표,대구 북구 침산남로 224,미니주유소,
칠곡제일주유소 대표,대구 북구 구리로 161 (국우동),칠곡제일주유소,
신광주유소 대표,대구 서구 와룡로 349 (상중이동),신광주유소,
㈜미니에너지 직영주유소 대표,대구 동구 화랑로 484,㈜미니에너지 직영주유소,
서대구주유소 대표,대구 서구 북비산로 41,서대구주유소,
주식회사 김여사네 셀프주유소 대표,대전 중구 대종로 558 (선화동),주식회사 김여사네 셀프주유소,
(주)농협유통 하나로주유소 대표,대전 중구 대둔산로199번길 43,(주)농협유통 하나로주유소,
(주)남강 중앙로셀프주유소 대표,대전 중구 중앙로 64,(주)남강 중앙로셀프주유소,
우리셋셀프주유소 대표,대전 중구 대둔산로 150,우리셋셀프주유소,
안영IC주유소 대표,대전 중구 대둔산로 188 (안영동),안영IC주유소,
대양주유소 대표,부산 부산진구 새싹로 61-1 (부암동),대양주유소,
(주)시블링스 우리1주유소 대표,부산 사상구 백양대로 701 (덕포동),(주)시블링스 우리1주유소,
용마주유소 대표,부산 사상구 가야대로 329,용마주유소,
이케이에너지(주) 강서주유소 대표,서울 강서구 화곡로 273 (화곡동),이케이에너지(주) 강서주유소,
현대주유소 대표,서울 양천구 남부순환로 372 (신월동),현대주유소,
(주)자연에너지 남부주유소 대표,서울 양천구 남부순환로 553,(주)자연에너지 남부주유소,
동일석유(주)개나리주유소 대표,서울 양천구 남부순환로 442 (신월동),동일석유(주)개나리주유소,
삼호주유소 대표,서울 광진구 천호대로 809 (광장동),삼호주유소,
(주)씨더블유창원 대표,서울 관악구 과천대로 921 (남현동),(주)씨더블유창원,
능동주유소 대표,서울 광진구 천호대로 584,능동주유소,
위례제일주유소 대표,서울 송파구 위례서로 260,위례제일주유소,
상아주유소 대표,서울 송파구 거마로 82,상아주유소,
세종중앙농협주유소 대표,세종 연기면 잣띠길 4,세종중앙농협주유소,
충청에너지주유소 대표,세종특별자치시 전의면 세종로 3894,충청에너지주유소,
럭키스파밸리직영주유소 대표,울산 울주군 범서읍 울밀로 2844,럭키스파밸리직영주유소,
광신직영(흥부셀프) 대표,울산 남구 월평로 152,광신직영(흥부셀프),
주식회사 이림 대표,울산 울주군 삼남면 반구대로 607,주식회사 이림,
동울산주유소 대표,울산 동구 방어진순환도로 753,동울산주유소,
광신석유(주) 울산대교주유소 대표,울산 남구 장생포로 240 (매암동),광신석유(주) 울산대교주유소,
탑주유소 대표,인천 미추홀구 송림로 217 (도화동),탑주유소,
명보주유소 대표,인천 미추홀구 인하로 217 (주안동),명보주유소,
주식회사 디오티디 인천랍스터주유소 대표,인천 서구 봉수대로 1543 (금곡동),주식회사 디오티디 인천랍스터주유소,
(주)자연에너지 금곡주유소 대표,인천 서구 봉수대로 1491 (금곡동),(주)자연에너지 금곡주유소,
서영암농협주유소 대표,전남 영암군 미암면 흑석로 1569-101,서영암농협주유소,
주식회사 여정 영암주유소 대표,전남 영암군 삼호읍 대불로 164,주식회사 여정 영암주유소,
광목주유소 대표,전남 함평군 학교면 함영로 490,광목주유소,
㈜대원 동신주유소 대표,전남 나주시 건재로 89,㈜대원 동신주유소,
금정에너지(주)금성주유소 대표,전남 나주시 건재로 330,금정에너지(주)금성주유소,
오성주유소 대표,전북 남원시 춘향로 370,오성주유소,
(주)월락주유소 대표,전북 남원시 낙현안길 4,(주)월락주유소,
초원주유소 대표,제주 서귀포시 일주서로 27 (강정동),초원주유소,
하원주유소 대표,제주 서귀포시 일주서로 479 (하원동),하원주유소,
혁신도시주유소 대표,제주특별자치도 서귀포시 일주동로 9144,혁신도시주유소,
동현주유소 대표,충남 공주시 장기면 차령로 1851,동현주유소,
햇님주유소 대표,충남 논산시 연산면 계백로 2435,햇님주유소,
강경농협주유소 대표,충남 논산시 강경읍 계백로 57,강경농협주유소,
계백주유소 대표,충남 논산시 부적면 계백로 1428,계백주유소,
백두산주유소 대표,충남 보령시 대해로 498 (요암동),백두산주유소,
행복에너지주식회사 행복에너지2주유소 대표,충북 청주시 서원구 청남로 1937,행복에너지주식회사 행복에너지2주유소,
맹꽁이주유소 대표,충북 괴산군 문광면 괴산로 3314,맹꽁이주유소,
두꺼비주유소 대표,충북 괴산군 중부로 2974,두꺼비주유소,
대황주유소 대표,충북 제천시 봉양읍 북부로 913,대황주유소,
㈜붕붕붕주유소 대표,강원 춘천시 공지로 156-3,㈜붕붕붕주유소,
춘천주유소 대표,강원 춘천시 공지로 234-1 (효자동),춘천주유소,
춘천농협주유소 엔타점 대표,강원 춘천시 후석로 120,춘천농협주유소 엔타점,
(주)어하둥둥알뜰주유소 대표,경기 양주시 부흥로 1300,(주)어하둥둥알뜰주유소,
서울이엔지㈜ 일월주유소 대표,경기 양주시 백석읍 부흥로 1126,서울이엔지㈜ 일월주유소,
하나셀프주유소 대표,경기 양주시 백석읍 부흥로 1024,하나셀프주유소,
㈜원흥.양주지점 제이앤에스 대표,경기 양주시 평화로 1107 (산북동),㈜원흥.양주지점 제이앤에스,
KH에너지㈜직영 대복주유소 대표,경기 양주시 부흥로 1807,KH에너지㈜직영 대복주유소,
광신석유(주)직영 양덕주유소 대표,경남 창원시 마산회원구 삼호로 119,광신석유(주)직영 양덕주유소,
시선㈜ 경주지점 대표,경북 경주시 산업로 3585,시선㈜ 경주지점,
대광셀프주유소 대표,경북 칠곡군 동명면 경북대로 158,대광셀프주유소,
평리주유소 대표,대구 서구 서대구로 227 (평리동),평리주유소,
영신제2주유소 대표,대구 서구 서대구로 207 (평리동),영신제2주유소,
선인에너지㈜강변주유소 대표,대전 유성구 엑스포로 293,선인에너지㈜강변주유소,
스마트주유소 대표,부산 사상구 가야대로 377,스마트주유소,
㈜씨더블유 이엔지 금천지점 대표,서울 금천구 독산로 147,㈜씨더블유 이엔지 금천지점,
양운개발 마천로주유소 대표,서울 송파구 마천로 230,양운개발 마천로주유소,
(주)디오티디 은평유니콘주유소 대표,서울 은평구 통일로 1151,(주)디오티디 은평유니콘주유소,
(주)연우에너지 신관주유소 대표,서울 관악구 신림로 290 (신림동),(주)연우에너지 신관주유소,
남목주유소 대표,울산 동구 방어진순환도로 1208,남목주유소,
금광주유소 대표,인천 서구 중봉대로 1593 (금곡동),금광주유소,
부광셀프주유소 대표,인천 서구 봉수대로 1623,부광셀프주유소,
남도에너지 대표,전남 화순군 화순읍 서양로 376,남도에너지,
(주)대원에너지 일봉지점 대표,전남 나주시 왕곡면 여시물길 70,(주)대원에너지 일봉지점,
㈜원 대표,전남 나주시 동강면 장동들길 25-4,㈜원,
(유)백제주유소 대표,전북 전주시 완산구 효자로 67-3 (효자동3가),(유)백제주유소,
수도석유(주)한신주유소 대표,제주 서귀포시 천제연로 77,수도석유(주)한신주유소,
가까운주유소 대표,제주특별자치도 서귀포시 일주서로 1080,가까운주유소,
유성주유소 대표,제주특별자치도 제주시 조천읍 일주동로1152,유성주유소,
수산주유소 대표,제주 서귀포시 성산읍 서성일로 898,수산주유소,
우루사Self주유소 대표,충남 당진시 신평면 서해로 7522,우루사Self주유소,
아평주유소 대표,충남 천안시 동남구 천안대로 784,아평주유소,
진우11주유소 대표,충남 천안시 동남구 쌍용대로 175,진우11주유소,
미래주유소 대표,충남 논산시 연산면 계백로 1983,미래주유소,
충주주유소 대표,충북 충주시 중원대로 3506 (봉방동),충주주유소,
이포에너지㈜ 금강주유소 대표,충북 청주시 서원구 청남로 2145,이포에너지㈜ 금강주유소,
거두주유소 대표,강원도 춘천시 동내면 춘천순환로 59,거두주유소,
(주)교현 알뜰주유소 대표,경기 양주시 장흥면 북한산로 863,(주)교현 알뜰주유소,
동부3 대표,경남 창원시 성산구 마디미로 73,동부3,
동부2 대표,경남 창원시 진해구 진해대로 732,동부2,
성주주유소 대표,경남 창원시 성산구 해원로 410,성주주유소,
함마대로주유소 대표,경남 함안군 산인면 함마대로 2035,함마대로주유소,
행복주유소 대표,경북 구미시 송선로 507,행복주유소,
㈜송라오일뱅크 공항점 대표,대구 동구 공항로 259,㈜송라오일뱅크 공항점,
도마진실주유소 대표,대전 서구 도산로 123,도마진실주유소,
와동셀프주유소 ㈜에스에이치에너지 대표,대전 대덕구 신탄진로 386,와동셀프주유소 ㈜에스에이치에너지,
(유)용명에너지 신대전셀프주유소 대표,대전 서구 도산로 213,(유)용명에너지 신대전셀프주유소,
㈜오일마스터 킹콩주유소 대전지점 대표,대전 대덕구 아리랑로 107 (읍내동),㈜오일마스터 킹콩주유소 대전지점,
남선석유㈜ 계백셀프주유소 대표,대전 서구 계백로 1327,남선석유㈜ 계백셀프주유소,
(주)대청에너지 대청주유소 대표,서울 영등포구 가마산로 328 (대림동),(주)대청에너지 대청주유소,
영등포제일셀프주유소 대표,서울 영등포구 가마산로 379,영등포제일셀프주유소,
KH에너지㈜직영 KH외발산주유소 대표,서울 강서구 방화대로 30,KH에너지㈜직영 KH외발산주유소,
유턴주유소 대표,서울 강서구 남부순환로 57,유턴주유소,
경동석유산업㈜부평SELF 주유소 대표,인천 부평구 백범로 567,경동석유산업㈜부평SELF 주유소,
차오름에너지㈜ 대표,인천 서구 봉수대로 1248 (왕길동),차오름에너지㈜,
동일석유㈜주안동일주유소 대표,인천 미추홀구 석정로 498,동일석유㈜주안동일주유소,
도지주유소 대표,인천 남동구 백범로 471,도지주유소,
공원주유소 대표,전남 장성군 북이면 방장로 995,공원주유소,
명진주유소 대표,전북 전주시 덕진구 원만성로 45,명진주유소,
삼화석유(주) 법환Self주유소 대표,제주특별자치도 서귀포시 일주동로 9173,삼화석유(주) 법환Self주유소,
삼양주유소 대표,제주특별자치도 제주시 일주동로 398,삼양주유소,
KK㈜ 천안중앙2주유소 대표,충남 천안시 서북구 쌍용대로 215,KK㈜ 천안중앙2주유소,
동춘천농협주유소 대표,강원 춘천시 동내면 학곡동2길 11,동춘천농협주유소,
동부1 대표,경남 창원시 진해구 진해대로 855,동부1,
미소가득주유소 대표,경북 칠곡군 왜관읍 강변대로 830,미소가득주유소,
강나루주유소 대표,경북 칠곡군 왜관읍 강변대로 853,강나루주유소,
대왕석유무역㈜ 대왕주유소 대표,경북 칠곡군 왜관읍 강변대로 700,대왕석유무역㈜ 대왕주유소,
평동천우주유소 대표,광주 광산구 동곡로 655 (송촌동),평동천우주유소,
드림에너지㈜ 대표,광주광역시 남구 대남대로 336,드림에너지㈜,
㈜다원컴퍼니 대표,대구 서구 국채보상로 122 (중리동),㈜다원컴퍼니,
옥계주유소 대표,대전 중구 대종로 103,옥계주유소,
월드컵주유소 대표,부산 기장군 일광면 기장대로 1230,월드컵주유소,
신아시아드주유소 은마석유㈜ 대표,부산광역시 기장군 일광면 기장대로 996,신아시아드주유소/충전소 은마석유㈜,
㈜영원석유 하늘주유소 대표,부산 해운대구 해운대로 1184,㈜영원석유 하늘주유소,
㈜영원석유 영원주유소 대표,부산 해운대구 해운대로 1178,㈜영원석유 영원주유소,
오시리아주유소 대표,부산 해운대구 해운대로 1226 (송정동),오시리아주유소,
경동석유산업㈜ 강서오곡SELF주유소 대표,서울 강서구 벌말로 254 (오곡동),경동석유산업㈜ 강서오곡SELF주유소,
㈜성동에너지 대표,서울 성동구 천호대로 392,㈜성동에너지,
(주)서울에너지 궁동주유소 대표,서울 구로구 오리로 1299 (궁동),(주)서울에너지 궁동주유소,
구도일주유소 동천 대표,서울 중랑구 동일로 654 (면목동),구도일주유소 동천,
면목SELF주유소 대표,서울 중랑구 동일로 627 (면목동),면목SELF주유소,
세종예운주유소 대표,세종 부강면 부강외천로 301,세종예운주유소,
역전셀프주유소 대표,전북 전주시 덕진구 동부대로 748,역전셀프주유소,
행복주유소 대표,전북 전주시 덕진구 동부대로 641,행복주유소,
강정천주유소 대표,제주 서귀포시 이어도로 634 (강정동),강정천주유소,
디오티디아산멍멍이주유소 대표,충남 아산시 인주면 서해로 525,디오티디아산멍멍이주유소,
영운동셀프주유소 대표,충북 청주시 상당구 단재로 118-1,영운동셀프주유소,
금곡셀프주유소 대표,충북 진천군 광혜원면 생거진천로 2377,금곡셀프주유소,
회산주유소 대표,강원 강릉시 관솔길 27 (회산동),회산주유소,
솔향주유소 대표,강원 강릉시 공제로437번길 1 (홍제동),솔향주유소,
(주)원흥 원당동지점 대표,경기 고양시 덕양구 호국로 1113,(주)원흥 원당동지점,
㈜너멍골 대표,경기 고양시 덕양구 호국로 1259,㈜너멍골,
㈜승지 승일주유소 대표,경기 부천시 원미구 상일로 42,㈜승지 승일주유소,
㈜자연에너지 삼정주유소 대표,경기 부천시 오정구 중동로 447,㈜자연에너지 삼정주유소,
무지내주유소 대표,경기 시흥시 금오로 144 (무지내동),무지내주유소,
㈜미니E 직영주유소 대표,경남 창원시 마산회원구 3.15대로 524,㈜미니E 직영주유소,
차탄셀프주유소 대표,경남 산청군 산청읍 산청대로 2083,차탄셀프주유소,
화영삼방셀프주유소 대표,경남 김해시 삼안로 151 (삼방동),화영삼방셀프주유소,
행운에너지 대표,경북 칠곡군 약목면 칠곡대로 504,행운에너지,
대경제5주유소 대표,경북 칠곡군 북삼읍 칠곡대로 254,대경제5주유소,
오성주유소 대표,경북 칠곡군 동명면 팔공산로 152,오성주유소,
팔공산IC주유소 대표,대구 동구 공항로 247,팔공산IC주유소,
샬롬주유소 대표,대구 달서구 달서대로 58,샬롬주유소,
내트럭(주)남대전사업소 대표,대전 동구 대전로 15,내트럭(주)남대전사업소,
용전셀프주유소 대표,대전 동구 동서대로 1627,용전셀프주유소,
동일석유㈜대전주유소 대표,대전 동구 계족로 436 (용전동),동일석유㈜대전주유소,
대양석유㈜ 중리주유소 대표,대전 대덕구 한밭대로 1186,대양석유㈜ 중리주유소,
송정역주유소 대표,부산 해운대구 해운대로 1217,송정역주유소,
삼양주유소 대표,부산 해운대구 해운대로 1249 (송정동),삼양주유소,
이케이에너지 주식회사 대표,서울 도봉구 도봉로 941 (도봉동),이케이에너지 주식회사,
㈜자연에너지 고척주유소 대표,서울 구로구 고척로 199 (고척동),㈜자연에너지 고척주유소,
SK에너지(주) 박미주유소 대표,서울 금천구 시흥대로 39-7 (시흥동),SK에너지(주) 박미주유소,
대양석유㈜ 세종대평주유소 대표,세종 종합운동장로 29,대양석유㈜ 세종대평주유소,
SK에너지(주) 소담self주유소 대표,세종 소담로 40,SK에너지(주) 소담self주유소,
내트럭(주) 울산약수사업소 대표,울산 북구 산업로 1515,내트럭(주) 울산약수사업소,
원주유소 대표,울산 울주군 두동면 두동로 832,원주유소,
염포무지개셀프주유소 대표,울산 북구 방어진순환도로 1391,염포무지개셀프주유소,
한국3주유소 대표,인천 제물포구 서해대로418번길 70,한국3주유소,
KH에너지㈜직영 남강주유소 대표,인천 미추홀구 인주대로 43 (숭의동),KH에너지㈜직영 남강주유소,
남선석유(주) 평동그린주유소 대표,전남광주통합특별시 광산구 동곡로 645,남선석유(주) 평동그린주유소,
(주)효광 운수대통주유소 대표,전남광주통합특별시 광산구 동곡로 846,(주)효광 운수대통주유소,
마트몰㈜ 더믿음가득주유소 대표,전남광주 북구 하남대로 777,마트몰㈜ 더믿음가득주유소,
(주)아승클린주유소 대표,전남광주통합특별시 북구 우치로 170,(주)아승클린주유소,
㈜아승주유소 대표,전남광주통합특별시 동구 필문대로15,㈜아승주유소,
(주)대창석유직영 지산주유소 대표,전남광주통합특별시 동구 필문대로 219,(주)대창석유직영 지산주유소,
블루그린㈜ 효자1지점 대표,전북 전주시 완산구 콩쥐팥쥐로 1701,블루그린㈜ 효자1지점,
(유)민들레셀프주유소 대표,전북 전주시 완산구 유연로 59,(유)민들레셀프주유소,
서진셀프주유소 대표,전북 전주시 완산구 유연로 48,서진셀프주유소,
햇님주유소 대표,충남 천안시 동남구 충절로 461,햇님주유소,
동일석유㈜천안동일주유소 대표,충남 천안시 동남구 천안대로 536,동일석유㈜천안동일주유소,
(주)대륙주유소 대표,충남 천안시 동남구 천안대로 782,(주)대륙주유소,
이케이에너지(주) 속리산(청주)주유소충전소 대표,충북 보은군 마로면 적암길 56-18,이케이에너지(주) 속리산(청주)주유소충전소,
신창에너지㈜황간(서울)주유소 대표,충북 영동군 황간면 회포1길 65,신창에너지㈜황간(서울)주유소,
신창에너지㈜황간(부산)주유소 대표,충북 영동군 황간면 회포길 102,신창에너지㈜황간(부산)주유소,
